{
  "timestamp": "2025-12-29T09:58:48.585807",
  "config": {
    "num_vectors": 1000,
    "dimension": 768,
    "batch_size": 1000,
    "ef_construction": 200,
    "max_connections": 16,
    "safe_mode": "0",
    "profiling_enabled": "1"
  },
  "summary": {
    "total_vectors": 1000,
    "total_insert_time_ms": 12897.626958,
    "vectors_per_second": 77.5336426814338,
    "us_per_vector": 12897.626958,
    "search_time_ms": 0.744625,
    "peak_memory_mb": 9.449374198913574,
    "index_size": 1000
  },
  "memory": {
    "peak_mb": 9.449374198913574,
    "current_mb": 3.631925582885742,
    "allocations": 0,
    "vector_data_mb": 2.93731689453125,
    "overhead_mb": 6.512057304382324
  },
  "python_layer": {
    "name": "python",
    "timings": {
      "numpy_ascontiguous": {
        "name": "numpy_ascontiguous",
        "count": 1,
        "total_ms": 0.00325,
        "mean_ms": 0.00325,
        "std_ms": 0,
        "min_ms": 0.00325,
        "max_ms": 0.00325,
        "p50_ms": 0.00325,
        "p95_ms": 0.00325,
        "p99_ms": 0.00325
      },
      "dtype_conversion": {
        "name": "dtype_conversion",
        "count": 1,
        "total_ms": 0.003083,
        "mean_ms": 0.003083,
        "std_ms": 0,
        "min_ms": 0.003083,
        "max_ms": 0.003083,
        "p50_ms": 0.003083,
        "p95_ms": 0.003083,
        "p99_ms": 0.003083
      },
      "data_validation": {
        "name": "data_validation",
        "count": 1,
        "total_ms": 0.003167,
        "mean_ms": 0.003167,
        "std_ms": 0,
        "min_ms": 0.003167,
        "max_ms": 0.003167,
        "p50_ms": 0.003167,
        "p95_ms": 0.003167,
        "p99_ms": 0.003167
      },
      "ffi_ptr_creation": {
        "name": "ffi_ptr_creation",
        "count": 1,
        "total_ms": 0.028375,
        "mean_ms": 0.028375,
        "std_ms": 0,
        "min_ms": 0.028375,
        "max_ms": 0.028375,
        "p50_ms": 0.028375,
        "p95_ms": 0.028375,
        "p99_ms": 0.028375
      },
      "ffi_call_overhead": {
        "name": "ffi_call_overhead",
        "count": 1,
        "total_ms": 0.001708,
        "mean_ms": 0.001708,
        "std_ms": 0,
        "min_ms": 0.001708,
        "max_ms": 0.001708,
        "p50_ms": 0.001708,
        "p95_ms": 0.001708,
        "p99_ms": 0.001708
      },
      "batch_total": {
        "name": "batch_total",
        "count": 1,
        "total_ms": 12897.519875,
        "mean_ms": 12897.519875,
        "std_ms": 0,
        "min_ms": 12897.519875,
        "max_ms": 12897.519875,
        "p50_ms": 12897.519875,
        "p95_ms": 12897.519875,
        "p99_ms": 12897.519875
      },
      "index_creation": {
        "name": "index_creation",
        "count": 1,
        "total_ms": 3.125583,
        "mean_ms": 3.125583,
        "std_ms": 0,
        "min_ms": 3.125583,
        "max_ms": 3.125583,
        "p50_ms": 3.125583,
        "p95_ms": 3.125583,
        "p99_ms": 3.125583
      },
      "search_total": {
        "name": "search_total",
        "count": 1,
        "total_ms": 0.744625,
        "mean_ms": 0.744625,
        "std_ms": 0,
        "min_ms": 0.744625,
        "max_ms": 0.744625,
        "p50_ms": 0.744625,
        "p95_ms": 0.744625,
        "p99_ms": 0.744625
      }
    },
    "counts": {
      "vectors_inserted": 1000
    }
  }
}